Date,SBUX,GOOGL,TSLA,AAPL,SPY,NFLX,FB,Overall
04-12-2012,0,2.1158267249700216,0,0,0,0,0,2.1158267249700216
04-16-2012,0,0.0,0,0,0,0,0,0.0
04-17-2012,0,1.421366603678736,0,0,0,0,0,1.421366603678736
04-19-2012,0,0,0,0,0,0,0,0.0
04-23-2012,0,0,0,0,0,0,0,0.035766394516893174
04-24-2012,0,0,0,0.27845974232981535,0,0.0,0,0.27845974232981535
04-25-2012,0,0,0,0.22224926599755862,0,0,0,0.22224926599755862
04-26-2012,0.0,0,0,0,0,0,0,1.2310907651621894
04-27-2012,1.1562201962926577,0,0,0,0,0,0,4.435878490501445
04-30-2012,0,0,0,0,0,0,0,2.995022045466123
05-01-2012,0,1.7484002689261988,0,0,0,0,0,5.635466321390722
05-02-2012,0,0,0,0,0,0.0,0,4.199495533679951
05-03-2012,0,2.5609793510852343,0,0,0,0,0,7.206537070286814
05-04-2012,0,0,0,0,0,0,0,0.0
05-07-2012,0,0,0,0,0,0,0,1.7372968565537164
05-08-2012,0,3.3566865267103028,0,0,0,0,1.330703957238983,12.818855974248219
05-09-2012,0,2.6796531808083692,0,0,1.9785670238323576,0,0,7.621375634858613
05-10-2012,0,0,0,0,0,0,0,4.7331431778465785
05-11-2012,0,0,0,0,0,0,-1.3112958361833045,3.7498678352067296
05-14-2012,0,0,0,0,0,1.774595411669572,0.9928159252693708,5.189169700599907
05-15-2012,0,0,0,0,0,0,2.0513376249520445,6.589009691728286
05-16-2012,0,0.0,0,0,0,0,0,3.1273630637436836
05-17-2012,0,0.7412508924196464,0,0,0,0,1.8947871327786663,2.6642002687917268
05-18-2012,0,0,0,0,0,0,3.4606055492818952,4.646025857475513
05-21-2012,0,0,0,0,0,0,3.5393374065172822,5.550269641354862
05-22-2012,0,4.575628200495108,0,0,0,0,0.0,10.76499728547057
05-23-2012,0,0,0,0,0,0,0.0,3.400747084661277
05-24-2012,0,0,0,0,0,0,-1.0247072404515245,3.836512776669167
05-25-2012,0,0,0,0,0,0,2.0456165966159103,3.885640163998818
05-28-2012,0,0,0,0,0,0,0,1.6076029442104174
05-29-2012,0,1.7743794023765427,0,0,0,0,-1.1621351917413163,1.8229895053774423
05-30-2012,0,0,0,0,0,0,0,5.639854368119712
05-31-2012,0,0,0,0,0,0,0,4.680149939932177
06-01-2012,0,0,0,0.2810711817170578,0,0,0,-0.5530577387227045
06-04-2012,0,0,0,0,2.9875898681379947,0,0,6.777670304973972
06-05-2012,0,0,0,0,2.3643247389791933,0,0,4.842046712465332
06-06-2012,0,0,0,0,0,0,0,3.0086811427498588
06-07-2012,0,0,0,0,0,0,1.4857023988037317,6.193669791408494
06-08-2012,0,-2.210310574139624,0,0,0,0,-0.10702192467845556,-2.3096932148624325
06-11-2012,0,0,0,0,0,0,0,4.148061272007256
06-12-2012,0,2.744817087721662,0,0,0,0,0,4.201936659607821
06-13-2012,0,1.661889680110525,0,0,0,0,0,6.714634485978203
06-14-2012,0,0,0,0,0,0,0,0.13352176944499394
06-15-2012,0,-3.083288833265116,0,0,0,0,0,-0.8672279822969151
06-18-2012,0,0,0,0,0,0,1.8504557820185028,1.8504557820185028
06-19-2012,0,0,0,0,0,0,0,5.321194806626496
06-20-2012,0,0,0,0,2.0693461069352517,0,0,2.0693461069352517
06-21-2012,0,0,0,0,0,0,0,3.9774425690287725
06-22-2012,0,0,0,0,0,0,0,1.0606371407723723
06-25-2012,0,0,0,0,0,0,0,-3.1873916084443277
06-26-2012,0,0,0,0,0,0,1.0047907992158531,-0.8951492928067759
06-27-2012,0,0,0,0,0,0,0,1.9621421974686433
06-28-2012,0,0,0,0,0,0,0,4.808761291660174
06-29-2012,0,2.047813306077357,0,0,0,0,0,7.384550966302873
07-02-2012,0,0,0,0,0,0,0,3.9779341922980676
07-03-2012,0,0,0,1.371356306513388,0,0,0,2.5108287849495805
07-04-2012,0,0,0,0,0,0,0,10.059130992996579
07-05-2012,0,0,0,0,0,0,0,2.394538219416453
07-06-2012,0,0,0,0,0,0.8845944318306022,1.3168484146832948,3.6683373840461497
07-09-2012,0,0,0,1.4283761472852639,0,0,0,0.6202734645128831
07-10-2012,0,0,2.137573254696258,0,0,0,0,0.3920980504603653
07-11-2012,0,0,0,1.2422268400158105,0,0,0,1.2422268400158105
07-12-2012,0,1.2852971168698724,0,0,0,0,0,4.189151110367709
07-13-2012,0,0,2.3415556551348193,0,0,0,3.0477678590112998,5.774716705010892
07-16-2012,0,-1.1820237218497478,0,0,0,0,0,-1.1820237218497478
07-17-2012,0,0.4347677852533327,0,0,0,0,0,6.901970718246126
07-18-2012,0,0,0,0,0,0,0,1.5963089280213636
07-19-2012,0,0.0,0,0,0,0,0,5.2925827204305795
07-20-2012,0,0.7928217451244653,0,0,0,0,0,2.5643343323502434
07-23-2012,0,0,0,0,0,0,0,-0.8167353228537835
07-24-2012,0,0,0,1.783537010298795,0,0,0,2.442373405421023
07-25-2012,0,0,0,0.36247294062483554,0,0,0,0.36247294062483554
07-26-2012,1.8190368073369068,0,0,0,0,0,0,2.9030866012900454
07-27-2012,0,0,0,0,0,0,0.0,-0.7028627458387792
07-30-2012,0,0,0,0,0,0,0,2.363365580870074
07-31-2012,0,0,0,0,0,0,0,4.095012101218292
08-01-2012,0,0,0,0,0,0,4.960753279380864,6.8758234513862
08-02-2012,0,0,0,0,0,0,0,2.8194133350020567
08-03-2012,0,0,0,0,0,0,0,1.150992208996723
08-06-2012,0,1.507238604994535,0,0,0,0,1.8789708399278104,1.8475868006353453
08-07-2012,0,0,0,0,0,0,0,2.384700623892111
08-08-2012,0,0,0,0.0,0,0,0,0.18077385494868736
08-09-2012,0,0,0,0,0,0,0,6.129352117893601
08-10-2012,0,0,0,0,1.0953111747208255,0,0,0.9699945611216634
08-13-2012,0,0,0,0,1.6183171526067792,0,0,2.5864143013811174
08-14-2012,0,0,0,0,-0.34657359027997264,0,0,0.9217471207086152
08-15-2012,0,1.7505407700901596,0,0,0,0,-0.07905400967142473,2.8612150479861636
08-16-2012,0,0,0,0,0,0,-0.578592929520059,1.1947114171749469
08-17-2012,0,0,0,0,0,0,0,1.2384380653028066
08-20-2012,0,0,0,0,-1.8573712372732964,0,0.8254667334829151,-1.0319045037903813
08-21-2012,0,0,0,0,0,0,0,-0.7720765449499623
08-22-2012,0,0,0,0,0,0,0,0.6138511431038876
08-23-2012,0,1.4330492234885983,0,0.7057740549289307,0,0,0,4.2880106864219005
08-24-2012,0,0,0,0,0.0,0,0,2.481049337040088
08-27-2012,0,0,0,0,0,0,0.0,0.0
08-28-2012,0,1.506718228413529,0,0.7587189038409161,0,0,0,0.6319072450048792
08-29-2012,0,0,0,0,0,0,0,-0.85697882964396
08-30-2012,0,0,0,0,0,0,0,1.347502672501551
08-31-2012,0,0,0,0,0,0,0,-0.7412508924196464
09-03-2012,0,0,0,0,0,0,1.7360271385533472,1.7360271385533472
09-04-2012,0,0,0,0,0,0,0,-0.4396984376769962
09-05-2012,0,0,0,0,0,0,0,2.1248255238149056
09-06-2012,0,0,0,1.3559345146113648,0,0,-0.035766394516893174,1.3201681200944717
09-07-2012,0,0,0,0,0,0,0,1.619191835028926
09-10-2012,0,0,0,0,0,0,0,-1.3620595154907225
09-11-2012,0,0,0,0,0,0,0,0.0
09-12-2012,0,0,0,0,0,0,0,1.4993255060287565
09-13-2012,0,0,0,0,1.0497918730207174,0,0,2.7934036057192597
09-14-2012,0,0,0,0,0,0,0,0.10230946569292199
09-17-2012,0,0,0,1.3247756294768571,0,0,0,2.98684172985406
09-18-2012,0,0,0,0,0,0,0,0.0
09-19-2012,0,0,0,0,0,0,0,0.0
09-21-2012,0,0,0,0,0,0,0,-0.14828647998881656
09-26-2012,0,1.191381373946434,0,0,0,0,0,2.4511636044448437
09-27-2012,0,0,0,1.5215071455463496,0,0,0,2.8139493784184237
09-28-2012,0,0,0,0,0,0,0,1.4398470817411955
10-01-2012,0,0,0,0,0,0,0,0.0
10-02-2012,0,-0.12424860683991255,0,0,0,0,0,-0.6193239266560204
10-05-2012,0.887995992949424,0,0,0,0,0,0,2.954544997070845
10-08-2012,0,0,0,0,0,0,0.9944265054215706,2.0070781469899557
10-11-2012,0,0,0,0,0,0,0,2.7243975455109597
10-15-2012,0,0,0,0,0,0,0,0.0
10-16-2012,0,0,0,0,0,0,0,0.8795489983076886
10-17-2012,0,0,0,0,0,0,0,0.0
10-18-2012,0,1.7504251876940737,0,0,0,0,0,1.7504251876940737
10-22-2012,0,0,0,0,0,0,0,1.0952418600027694
10-23-2012,0,-0.47134008278076284,0,0,0,0,0,-0.29462379999549865
10-24-2012,0,0,0,0,0,0.0,0,0.8829308785972584
10-25-2012,0,0,0,0.0,0,0,0,1.8283771760523724
10-26-2012,0,0,0,1.4364782169924304,0,0,0,0.5636800370794178
11-05-2012,0,0,0,0,0,0,0,1.1171470165726551
11-06-2012,0,0,0,0.4411188657083492,0,0,0,0.4411188657083492
11-07-2012,0,0,0,0,0,0,0,1.8345864443244642
11-09-2012,0,0,0,0,0,0,0,0.9968365365331027
11-12-2012,0,0,0,0,0,0,0,0.7168528141350954
11-14-2012,0,0.0,0,0,0,0,0,1.0409918265927973
11-15-2012,0,0,0,0,0,0,0,0.46306507967360827
11-16-2012,0,0,0,0,0,0,0,3.8879219627711343
11-19-2012,0,0,0,0,0,0,0,0.0
11-20-2012,0,0,0,0.0,0,0,0,0.0
11-22-2012,0,0,0,0,0,0,0.0,-1.555274873937023
11-23-2012,0,0,0,0.0,0,0,0,0.0
11-26-2012,0,0,0,0.0,0,0,0,0.0
11-27-2012,0,0,0,0,0,0,0,2.4670549282250205
11-28-2012,0,0,0,0,0.0,0,0,1.4886212640273147
11-29-2012,0,0,0,0,0.0,0,0,2.0401292980968537
11-30-2012,0,0,0,0,0,0,0,-1.3923762835371216
12-03-2012,0,0,0,0,0,0,0,0.0
12-04-2012,0,0,0,0,0.0,0,0,0.0
12-05-2012,0,0,0,0,0,0,0,0.0
12-06-2012,0,0,0,0,0.0,0,0,1.0822227194137453
12-07-2012,0,0,0,0,0.0,0,0,0.6155146963372313
12-11-2012,0,0,0,0,0,0,0,0.29473089190323787
12-12-2012,0,0,0,0,0,0,0,2.2995917323731536
12-14-2012,0,0,0,0,0,0,0,0.0
12-18-2012,0,0,0,0,0,0,0,0.8727981799130126
12-19-2012,0,0,0,0,0,0,0,-0.7939307806133612
12-20-2012,0,0,0,0,0,0,0,0.0
12-24-2012,0,0,0,0.0,0,0,0,0.0
12-25-2012,0,0,0,0,0,0,0,-0.7429484949093186
12-26-2012,0,0,0,0,0,0.0,0,0.0
12-27-2012,0,0,0,0,0,0,0,0.0
12-28-2012,0,0,0,0,0,0,0,0.0
12-31-2012,0,0,0,0,0,0,0,0.0
01-02-2013,0,0,0,0,0.0,0,0.0,0.37991396966490604
01-03-2013,0,0,0,0,0.0,0,0,0.0
01-07-2013,0,0,0,0,0,0,0,0.0
01-08-2013,0,0,0,0,0,0,0,-0.7201081306827553
01-09-2013,0,0,0,0.0,0,0,0,0.0
01-10-2013,0,0,0,0,0.0,0,0,0.8661197725347716
01-11-2013,0,0,0,0,0.0,0,0,0.0
01-14-2013,0,0,0,0,0,0,0,0.0
01-15-2013,0,0,0,-0.017883197258446587,0,0,0,-0.017883197258446587
01-16-2013,0,0,0,0.0,0,0,0,0.0
01-17-2013,0,0,0,0,0,0,0,-0.033127425550626394
01-18-2013,0,0,0,0.0,0,0,0,2.4886310618271885
01-21-2013,0,0,0,0,0,0,0,0.0
01-22-2013,0,0,0,0,0,0,0,0.0
01-23-2013,0,0,0,0,0,0,0,1.3826681105721355
01-28-2013,0,0,0,0,0,0,0,2.76141097318933
01-29-2013,0,0,0,0,0,0,0,0.3052620183185999
01-30-2013,0,0,0,0,0,0,0,1.9291125438738268
01-31-2013,0,0,0,0,0,0,0,1.7614152366967315
02-01-2013,0,0,0,0,0,0,0,0.5040433180409287
02-04-2013,0,0,0,0,0,0,0,1.2421361048425195
02-11-2013,0,0,0,0,0,0,0,1.2444063562742438
02-12-2013,0,0,0,-1.5294292539055192,0,0,0,1.8705286649899897
02-14-2013,0,0,0,0,0,0,0,0.0
02-15-2013,0,0,0,0,0,0,0,0.5972186736919329
02-19-2013,0,0,0,0,0,0,0,0.0
02-20-2013,0,0,0,0,0,0,0,0.0
02-21-2013,0,0,0,0.6063651535538401,0,0,0,0.6063651535538401
02-25-2013,0,0,0,0,0,0,0,1.4299855851976981
02-26-2013,0,0,0,3.084901078951564,0,0,0,3.084901078951564
02-27-2013,0,0,0,0,0,0,0,0.0
02-28-2013,0,0,0,0,0,0,0,1.1128660142447335
03-01-2013,0,0,0,0,0,0,0,2.294526045168567
03-04-2013,0,0,0,0,0,0,0.0,0.0
03-05-2013,0,0.9204375421210619,0,0,0,0,0,-0.5761365354259159
03-06-2013,0,0,0,0,0,0,0,1.9927288293917866
03-07-2013,0,0,0,0,0,0,0,1.3180375796904773
03-08-2013,0,0.0,0,0,0,0,0,0.5720543681161229
03-11-2013,0,0,0,0,0,0,0,0.4763936220804937
03-12-2013,0,0.43373213156616974,0,0,0,0,0,0.43373213156616974
03-13-2013,0,0,0,0,0,0,0,0.0
03-15-2013,0,0.7682453268470376,0,0,0,0,0,0.7682453268470376
03-18-2013,0,1.2023330993992811,0,0,0,0,0,1.2023330993992811
03-19-2013,0,0,0,0,2.4543233165421903,0,0,2.9856613776829257
03-21-2013,0,0,0,0,0,0,0,-0.3023938831603934
03-25-2013,0,0,0,0.0,0,0,0,-0.4574771391695639
03-26-2013,0,1.5051615002942846,0,0,0,0,0,3.2537285714242836
03-27-2013,0,0,0,0,0,0,0,0.9837144786506744
03-28-2013,0,0,0,0,0,0,0,-1.7114886450066382
04-01-2013,0,0,0,0,0,0,0,0.0
04-02-2013,0,0,0,0,0,0,0,1.10536195825974
04-04-2013,0,0,0,0,0,0,0,-0.5040433180409287
04-05-2013,0,0,0,0,0,0,0,2.401093350511104
04-08-2013,0,0,0,1.7187725644349758,0,0,0,2.0367884908758787
04-09-2013,0,0,0,0,0,0,0,5.0125932388508705
04-10-2013,0,0,0,0,0,0,0,0.202400772637093
04-11-2013,0,0,0,0,0,0,0,1.9784274254638001
04-12-2013,0,0,0,0,0,0,0,1.5016588620259854
04-15-2013,0,0,0,0,0,0,0,-0.14934209684753863
04-16-2013,0,0,0,0,0,0,0,-2.2809958767226384
04-17-2013,0,0,0,0,0,0,0,2.9035002002941437
04-18-2013,0,0,0,0,1.4035849905135975,0,0,1.4035849905135975
04-22-2013,0,0,0,0,0,0,0,1.0755859183759355
04-23-2013,0,0,0,0,0,0,0,0.22224926599755862
04-24-2013,0,0,0,0,0,0,0,0.0
04-25-2013,0,0,0,0.9264597079151071,0,0,0,1.977941529399355
04-26-2013,0,0.30054861749079226,0,0,0,0,0,1.4334024572754211
04-29-2013,0,0.0,0,0,0,0.4838288519294356,0,0.8308183305177441
04-30-2013,0,1.1645892734373149,0,0,0,0,0,1.1645892734373149
05-01-2013,0,0,0,0,0,0,0,1.0531962160122508
05-02-2013,0,0,0,0,0,0,0.0,1.1222052853265514
05-03-2013,0,0,0,0,0,0,0,0.4838288519294356
05-06-2013,0,0,0,0,0,0,0,0.34934617900221243
05-07-2013,0,0,0,0,0,0,0,1.778370460931725
05-08-2013,0,0,0,0,0,0,0,0.0
05-09-2013,0,0,0,0,0,0,0,0.046227394306083816
05-10-2013,0,0,-0.6155146963372313,0,0,0,0,2.2177260990804526
05-13-2013,0,0,0,0,0,0,0,1.3315881889415728
05-14-2013,0,0,0.7693581857542773,0,0,0,0,1.6014120612984355
05-15-2013,0,0,-0.8338707015577935,0,0,0,0,0.23593265691842613
05-16-2013,0,0,0.0,0,0,0,0,0.2344223764653735
05-20-2013,0,0,0,0,0,0,0,-0.8969397485995241
05-21-2013,0,0,0,0,0,0,0,6.356287954929981
05-22-2013,0,0,0,0,0,0,0,5.336792159621074
05-23-2013,0,0,0,0,0,0,0,0.25906214517566595
05-24-2013,0,0,0,0,0,0,0,0.7412515948908054
05-28-2013,0,0,0,0,0,0,0,1.5435016488326618
05-29-2013,0,0,0,0,0,0,0,0.08761380362277715
05-30-2013,0,0,0,0,0,0,0,2.035070150414759
05-31-2013,0,0,0,0,0,0,0,0.23171910246118976
06-03-2013,0,0,0,0,0,0,0,1.45205354094776
06-04-2013,0,0,0,0,0,0,0,2.705788062261413
06-05-2013,0,0,0,0,0,0,0,1.022557129088451
06-06-2013,0,0,0,0,0,0,0,0.0
06-07-2013,0,0,0,-1.1110025938378487,0,0,0,-2.0314401359589107
06-10-2013,0,0,0,0,0,0,0,5.1473907629088576
06-11-2013,0,0,1.1612094538212034,0,0,0,0,2.0608039785075083
06-12-2013,0,0,0,0,0,0,0,1.4755707739290553
06-13-2013,0,0,0,0,0,0,0,1.9370074571204638
06-14-2013,0,0,0,0,0,0,0,1.3123706158222133
06-17-2013,0,0,0,0,0,0,0,3.893485009467887
06-18-2013,0,0,0,0,0,0,0,-0.18450115380761445
06-19-2013,0,0,0,0,0,0,0,0.3000634144644003
06-20-2013,0,0,0,0,0,0,0,0.0
06-21-2013,0,0,0,0,0,0,0,0.0
06-24-2013,0,0,0,0,0,0,0,-0.6285289781448662
06-26-2013,0,0,0,0,0,0,0,0.6867425416464354
06-28-2013,0,0,0,0,0,0,0,3.118560473489638
07-01-2013,0,0,0,0,0,0,0,0.24640494439366079
07-02-2013,0,0,0,0,0,0,0,4.569516660005868
07-03-2013,0,0,0,0,0,0,0,1.1374337090641764
07-04-2013,0,0,0,0,0,0,0,0.3151918656188807
07-05-2013,0,0,0,0,0,0,0,0.0
07-08-2013,0,0,0,0,0,0,0,0.0
07-09-2013,0,0,1.5675925267108137,0,0,0,0,0.5981568799796741
07-10-2013,0,0,0,0,0,0,0,2.0154424401844526
07-11-2013,0,0,0,0,0,0,0,1.8845885949455106
07-12-2013,0,0,0,0,0,0,0,2.428250778172834
07-15-2013,0,0,0,0.40547516788630883,0,0,0,0.40547516788630883
07-16-2013,0,0,0,0,0,0,0,1.5523926568195714
07-17-2013,0,0,0.0,0,0,0,0,4.120019138005376
07-18-2013,0,0,0,0,0,0,0,2.5364718496197165
07-19-2013,0,0,0,0,0,0,0,0.7105224445605798
07-22-2013,0,0,0,0,0,0,0,0.0
07-23-2013,0,0,0,0,0,1.600937085755267,0,3.7407042403941446
07-24-2013,0,0,0,0,0,0,0,2.2792954617438417
07-25-2013,0,0,0,0,0,0,0,3.802322384678717
07-26-2013,0,0,0,0,0,0,0,0.2376298380389122
07-29-2013,0,0,0,0,0,0,0,-0.6889189827585296
07-30-2013,0,0,0,0,0,0,0,0.5564479546664897
07-31-2013,0,0,0,0,0,0,0,2.10903731253419
08-01-2013,0,1.8317252064969456,0.0,0,0,0,0,2.8267242898252976
08-02-2013,0,0,0,0,0,0,0,1.6117104530524968
08-05-2013,0,0,0,0,0,0,0,1.7116925839884565
08-06-2013,0,1.6236959222951126,0,0,0,0,0,5.144492188694971
08-07-2013,0,0,0,0,1.555274873937023,0,0,2.6502617420525283
08-08-2013,0,0,0,0,1.555274873937023,0,0.899150522622361,3.9476240577045916
08-09-2013,0,0,0,0,0,0,0,0.845173605563305
08-12-2013,0,0,0,0,0,0,0,0.14385433297246203
08-13-2013,0,0,0,0,0,0,0,0.712559930430136
08-14-2013,0,0,0,0,0,0,0,-0.7122385506316689
08-15-2013,0,0,0,0,0,0,0,2.533747601044942
08-19-2013,0,0,0,0,0,0,0,0.0
08-21-2013,0,0,0,0,0,0,0,1.2375449761717263
08-22-2013,0,0,0,0,0,0,0,1.3487257839335414
08-23-2013,0,0,0,0,0,0,0,0.0
08-26-2013,0,0,0,0,0,0,0,0.0
08-27-2013,0,0,0,0,0,0,0,0.0
08-28-2013,0,0,0,0.0,0,0,0,-0.8120219220259759
08-29-2013,0,0,0,0,0,0,0,-0.2646435935377871
08-30-2013,0,0,0,0,0,0,0,-0.5928487835329211
09-02-2013,0,0,0,0,0,0,0,0.7131678232001987
09-03-2013,0,0.0,0,0,0,0,0,0.0
09-04-2013,0,0,0,0,0,0,0,0.0
09-05-2013,0,0,0,0.0,0,0,0,2.1949318167005893
09-06-2013,0,0,0,-1.0509629568194676,0,0,0,-2.508330868193367
09-09-2013,0,0,0,0,0,0,0,1.2724216135703996
09-10-2013,0,0,0,0,0,0,0,0.0
09-11-2013,0,0,0,-0.557151703734084,0,0,0,-0.15330182641968682
09-12-2013,0,0,0,0,0,0.0,0,0.37352817814715733
09-13-2013,0,0,0,0,0,0,0,1.2420032370253953
09-16-2013,0,0,0,0,0,0,0,-0.6388508935933401
09-17-2013,0,0,0,0,0,0,0,2.0472087856962577
09-18-2013,0,0,0,0,0,0,0,1.3994410333724998
09-19-2013,0,0,0,0,0,0,0,2.7691791777798027
09-20-2013,0,0,0,0,0,0,0,0.0
09-23-2013,0,-1.6244597323602876,0,0,0,0,0.734320123085206,-1.7442713482560954
09-24-2013,0,0,0,0,0,0,0,-0.7630102758044415
09-25-2013,0,0,0,0,0,0,0,1.3181595349700692
09-26-2013,0,0,0,0,0,0,0,0.634992132110966
09-27-2013,0,0,0,0,0,0,0,1.741769380036592
09-30-2013,0,0,0,0,0,0,0,-1.1260463599651414
10-01-2013,0,0,0,0,0,0,0,0.6632322386689379
10-02-2013,0,0,0,0,0,0,0,0.2490764990790801
10-03-2013,0,0,0,0,0,-0.3639702512357448,0,-1.5807208119906726
10-04-2013,0,0,0,0,0,0,0,-0.27431837473881526
10-07-2013,0,0,0,0,0,0,0,1.0605151862567164
10-08-2013,0,0,0,0,0,0,0,0.0
10-09-2013,0,0.5026010206240163,0,0,0,0,0,2.528382641873088
10-10-2013,0,0,0,0.0,0,0,0,0.42187332031519187
10-11-2013,0,0,0,0,0,0,0,0.7515606666778539
10-14-2013,0,0,0,0,0,0,0,2.130160968576977
10-15-2013,0,0,0,0,0,0,0,4.266001130626599
10-16-2013,0,1.296080350883181,0,0,0,0,0,4.479901567611085
10-17-2013,0,0,0,0,0,0,0,0.4763936220804937
10-18-2013,0,0,0,0,0,0,0,2.6508355288320327
10-21-2013,0,0,0,0,0,0,0,3.0456686936384765
10-22-2013,0,0,0,0,0,0,0.22224926599755862,1.0200309533540635
10-23-2013,0,0,0,0,0,0,0,2.242567217579076
10-24-2013,0,0.9856197775746431,0,0,0,0,0,3.099718678282476
10-25-2013,0,0,0,0,0,0,0,-0.5693068148531877
10-28-2013,0,0,0,0,0,0,0,1.381804902668676
10-29-2013,0,0,0,-0.11617146746184683,0,0,0,1.4145070764010106
10-30-2013,0,0,0,0,0,0,0,-1.4372984265153435
10-31-2013,0,0,0,0.12424860683991255,0,0,0,2.6378300446780445
11-01-2013,0,0,0,0,0,0,0,1.548620593247407
11-04-2013,0,0,0,0,0,0,0,0.5620988507978135
11-05-2013,0,0,0.0,0,0,0,0.0,3.5298232542691297
11-06-2013,0,0,0,0,0,0,0,-0.14961139759918418
11-07-2013,0,0,0,0,0,0,0,3.6550382539685398
11-08-2013,0,0,0,0,0,0,0,0.0
11-12-2013,0,0,0.0,0,0,0,0,2.09099853304074
11-13-2013,0,0,0,0,0,0,0,0.7822233937851331
11-14-2013,0,0,0,0,0,0,0,5.9952947675078745
11-15-2013,0,0,0,0,0,0,0,2.501148504047719
11-18-2013,0,0,0,0,0,0,0,0.6680658391635711
11-19-2013,0,0,0,0,0,0,0,3.7490221344838406
11-20-2013,0,0,0,0,0,0,-0.2144597376652471,1.99487065906254
11-21-2013,0,0,0,0,0,0,0,1.516579669350664
11-22-2013,0,0,0,0,0,0,0,0.6511475034935886
11-25-2013,0,0,0,0,0,0,0,0.0
11-26-2013,0,0.0,0,0.0,0,0,0,0.5662493105070285
11-27-2013,0,1.257614784776006,0,0,0,0,0,3.355293569420021
11-28-2013,0,0,0,0,0,0,0,1.5395286580960104
12-02-2013,0,0,2.1243466949037613,0,0,0,0,1.6236171716672567
12-03-2013,0,0,0,0,1.8151449870387961,0,0,4.68697453639342
12-04-2013,0,0,0,0,0,0,0,0.06685543994307414
12-05-2013,0,0,0.36836079121617077,0,0,0,0,3.8659017091464416
12-06-2013,0,0,0,0,0,0,0,2.2285865151879527
12-09-2013,0,0,0,0,0,0,0,3.535079026996835
12-10-2013,0,2.188435679026875,1.634953707236274,0,0,0,0,6.390252025312739
12-11-2013,0,0.0,0,0,1.7720694875682177,0,1.5334724429672106,6.924211753311626
12-12-2013,0,0,0,0,0,0,0.0,3.849178640284477
12-13-2013,0,0,0,0,0,0,0,1.380333295367075
12-16-2013,0,3.1195776398695436,0,0,0,0,0,4.8250204732764495
12-17-2013,0,0.6883644650140817,0,-0.5819727491361706,0,0,2.138119236205875,9.769363309963948
12-18-2013,0,0,0,0,0,0,0,1.5178427380238604
12-19-2013,0,0.0,0,0,-1.506380641001393,0,0,-3.4670279298449915
12-20-2013,0,0,0,0,0.0,0,0,1.592205305158817
12-23-2013,0,0,0,0,0,0,0,4.210766227203489
12-24-2013,0,4.758738745637544,0,2.4690202514924753,0,0,0,10.861553659163098
12-25-2013,0,0,0,0,0,0,1.1671696366750526,3.237877523879833
12-26-2013,0,0,0,0,0,0,0,-0.8152801794206043
12-27-2013,0,0,1.168934755800887,0,0,0,0,6.160298652786283
12-30-2013,0,0,0,0,0.0,0,0,2.320199103374003
12-31-2013,0,0,1.0121515015499296,0,0,0,0,2.0138984108967035
01-01-2014,0,0,0,0,0,0,0,3.2479070918968542
01-02-2014,0,0,0,0,0,0,0,8.279784647078458
01-03-2014,0,0,0,0,0.9830382759002246,0,0,3.5137016763002293
01-06-2014,0,0.0,0,0,0,0,0,2.7096249695738464
01-07-2014,0,2.68673621416851,0,1.461369624490163,0,0,0.0,5.408456667885816
01-08-2014,0,-0.29805351391565815,0,0,0,0,0,2.793963446018557
01-09-2014,0,0,0.0,0,0,0,0,3.9045067163704408
01-10-2014,0,0,0,0,0,0,0,4.233603321632756
01-13-2014,0,0,0,0.0,0,0,0,2.596132882526829
01-14-2014,0,3.957340028925745,0,0,0,0,0,7.825218019312127
01-15-2014,0,3.5386220015782124,0,0,0,0,0,4.7306743430284675
01-16-2014,0,0,0,0,0,0,0.0,7.791424439274881
01-17-2014,0,0,1.6986957953982578,0,0,0,0,2.483061144919892
01-20-2014,0,0.7552959484593255,0,0,0,0,0,4.148533030741002
01-21-2014,0,2.8025170203706176,0,0,0,0,0,2.8025170203706176
01-22-2014,0,0,0,0,0,-1.3760953302781145,0,0.6695206289903961
01-23-2014,0,0,0,0,0,0.0,0,2.8577557287972186
01-24-2014,0,0.0,0,0,0,0.0,0,0.14215922864985275
01-27-2014,0,0,0,2.2636836644826386,0,0,2.9833010038252725,10.527001164011994
01-28-2014,0,2.3256395824103753,0,0.0,0,0,3.597114616870784,10.074794177400928
01-29-2014,0,0,0,-0.4754697875974184,0,0,0.14237243088701276,-0.33309735671040563
01-30-2014,0,-0.6752639833014986,0,1.059467374154549,0.8930508274334334,0,0.0,6.473634920126166
01-31-2014,0,1.5455717181561202,0,0,0,0,1.0877360270102954,10.221461928478218
02-03-2014,0,0,0,0.12892537558414974,0,0,0,8.683426663423608
02-04-2014,0,2.1741716438462824,0,1.6279926537406106,0,0,1.5127505498756004,6.65317833478528
02-05-2014,0,0.18936780972897704,0,0,0,0,0,5.453175007504806
02-06-2014,0,0,0,0,0,0,0,8.83831558201267
02-07-2014,0,0,0,0,1.3427540503437698,0.7087964566359778,4.980619204995524,14.867259177185757
02-10-2014,0,3.0175621119153746,0,1.2325331266567525,0,0,0,12.899626602848034
02-11-2014,0,0,0,0.5957774441447159,0,0,2.7501336795209155,10.750748404929265
02-12-2014,0,0.7048696444094592,-0.4977268019525365,1.899959624427905,0,0,0,1.9634936310105455
02-13-2014,0,2.65903449246226,0,0.7035513096630575,0,0,1.5508360103269638,9.16187965487335
02-14-2014,0,0.5320801738507136,-1.6482364571047834,0.0,0,0,0,1.1644576298401081
02-17-2014,0,0,0,0,0,0,0,1.319866993694341
02-18-2014,0,0,0.45726919501539587,0.081993788822977,0,0,0,2.8534181055973815
02-19-2014,0,-1.8945791886244985,0,0,0,0,0,3.6561108308707726
02-20-2014,0,0,1.3034304150969762,0,0,0,0,5.267010849626116
02-21-2014,0,0.0,0,0,0,0.0,-0.7028627458387792,4.907411998689137
02-24-2014,0,0,0,1.4641027961492177,0,0,0,5.7542038094613845
02-25-2014,0,0,0,0,0,0.0,0,9.055619438957812
02-26-2014,0,-2.479219959109073,-0.8602457907425756,0,0,0,0.0,3.144931791689478
02-27-2014,0,0,0.0,1.1055102044776945,0,0,0,4.227643114892652
02-28-2014,0,0,0,1.14165895900613,0,0,0,3.3987117010043058
03-03-2014,0,0,0,0,0,0,0,0.8097542034165616
03-04-2014,0,0,0.9610850226184192,0,0,0,0,-1.4229604950809396
03-05-2014,0,0,0,0,0,0,0,8.994823548849356
03-06-2014,0,1.012480086643912,0,0,0,0,0,2.542270496275762
03-07-2014,0,0,1.1636542691350773,0.7087964566359778,0,0,0,8.35261636903975
03-10-2014,0,0,0,0,0,0,0,7.083114589307865
03-11-2014,0,0,0.0,0,0,0,0,1.9426907668373214
03-12-2014,0,0,0,0,0.0,0,0,1.779529605213767
03-13-2014,0,0.6414384008901733,0,0,0.0,0,0,10.652122957182208
03-14-2014,0,0,0,0,0,0,0,6.698367102247568
03-17-2014,0,0,0,0,0,0,0,4.2264724366594235
03-18-2014,0,0,0,0,0,0,1.074003373401944,7.943416785384423
03-19-2014,0,0,0,0,0,0,0,3.3713661035701215
03-20-2014,0,1.9810176789263354,0,0,0,0,0,5.94072945549987
03-21-2014,0,-0.5855603498601025,0,0,0,0,2.6242552255999527,4.170293272554086
03-24-2014,0,0,0,0,0,0,0,1.7693261552575663
03-25-2014,0,0,0,0,0,0,0,1.4004271860304958
03-26-2014,0,0,0,0,0,0,1.0173149793066698,8.7012877708536
03-27-2014,0,0,0,0,0,0,0.5604414346053458,5.5227481313893705
03-28-2014,0,0,0,0,0,0,0,2.735470030566511
03-31-2014,0,2.2146263424416732,0,0,0,0,0,5.023700748552897
04-01-2014,0,0,0,0,0,0,0,4.235490230268095
04-02-2014,0,0,0,0,0,0,0.0,5.679905475422403
04-03-2014,0,0,1.0483157958788611,0,0,0,0,5.308644617777086
04-04-2014,0,-0.800888358439052,0,0,0,0,-0.25519991293322764,1.4942545059894081
04-07-2014,0,0,0,0,0,0,1.017898554468458,4.976410400806698
04-08-2014,0,0,0,0,0,0,0,4.501024330704013
04-09-2014,0,0,0,0,0,0,0,-0.1701491006247744
04-10-2014,0,0.5420410951978772,0,0,0,0,0,1.6053879293997406
04-11-2014,0,0,0,0,0,0,0,-3.4649772894438504
04-14-2014,0,0,0.0,-1.1984514751881454,0,0,0,0.4807912548348987
04-15-2014,0,0,0,0,0,0,0,2.719017862238579
04-16-2014,0,0.0,0,0,0,0,0,2.1712133331630357
04-17-2014,0,0,0,0,0,0,0,1.0276306123806274
04-18-2014,0,0,0,0,0,0.0,0,2.412762681136925
04-21-2014,0,0,0,0,0,0,0,0.9112988934501971
04-22-2014,0,0,0,0,0,0,0,6.290205255616403
04-23-2014,0,-0.5918090627620813,0,0,0,0,0.0,1.1540620022865364
04-24-2014,0,0.7412508924196464,-0.017883197258446587,-0.5026966152521125,0,0,0,0.7300136598348973
04-25-2014,-0.3441475751480128,0,0,0.5159083307585444,0,0,0,3.7911890447274716
04-28-2014,0,0,0,0,0,0,0,2.2139026322898334
04-29-2014,0,0,0,0,0,0.6507670392236296,0,3.163916381725309
04-30-2014,0,0,0,0.0,0,0,0,6.702545012873202
05-01-2014,0,0,0,0,0,0,0,3.3636173435666032
05-02-2014,0,0,0,0.0,0,0,0.6091982195375387,2.922464773614073
05-05-2014,0,0,0,0,0,0,0.9852355004775609,4.743617259859334
05-06-2014,0,0,0.0,0,0,0,0,5.188562567823516
05-07-2014,0,0,0.2051715654457438,0,0,0,0,0.7116267570725656
05-08-2014,0,1.2302543402646262,0.5004880903370266,-0.16819754139508764,0,0,0,1.88703518508605
05-09-2014,0,0,0.0,0,0,0,0,3.1535091469635805
05-12-2014,0,0.15549486600145213,-0.5426046093731794,0,0,0,0,-1.563015789691132
05-13-2014,0,0,0,0,0,0,0,8.742001467961577
05-14-2014,0,0,0,0,0,0,0,0.5809465784416725
05-15-2014,0,0,0,0,0,0,0,2.484553104400535
05-16-2014,0,0,0,0,0.0,0,0,1.7010453094277997
05-19-2014,0,0,0,0,0,0,0,0.7375695151594915
05-20-2014,0,0,0,0.6436769399306455,0,0,0,0.10788550475705794
05-21-2014,0,0,0,0,0,0,0,3.379326210086546
05-22-2014,0,0,0,0,0,0,0,-3.335631990231843
05-23-2014,0,0,0,0,0,0.6441375291874857,1.7286895359112273,4.55467107039358
05-26-2014,0,0,0,0,0,0,0,-1.4171677070488635
05-27-2014,0,0,0,0.9856197775746431,0,0,0,2.1206783350421654
05-28-2014,0,-0.20600805279156484,0,0,0,0,0,-1.3061624039514572
05-29-2014,0,0,2.2802399787833063,0,0,0,0,4.582761529087742
05-30-2014,0,0,0,0.2764108518288964,0,0,0,1.0176617442485427
06-02-2014,0,0,0.7517874320353166,-0.29070592752684105,0,0,0,0.15046923694920278
06-03-2014,0,0.0,0,0.7523296952799216,0,0,0,0.7523296952799216
06-04-2014,0,0,0,0,0,0,0,2.348639889276943
06-05-2014,0,0,0,0,0.48315326131271696,0,0,4.086608473808523
06-06-2014,0,0,0,0,0,0,0,0.17079146528997047
06-09-2014,0,0,0,0.3104606221727995,1.2416852661121953,0,0,3.674723978709899
06-10-2014,0,0,0,0,0.0,0,0,0.48463601264015993
06-11-2014,0,0,0,0,0,0,0.0,0.00784099606668287
06-12-2014,0,0,0,0,0,0,0.0,4.322311119470786
06-13-2014,0,1.00490066044472,0,0,0.0,0,0,5.234749033894067
06-16-2014,0,0,0,0,0,0,0,0.6191886094294007
06-17-2014,0,0,0,0,0.6883644650140817,0,0,2.0156925977083495
06-18-2014,0,0,0,0.0,0,0,0,1.005559827817921
06-19-2014,0,0,0,0,0,0.0,0,3.86298489466121
06-20-2014,0,0,0,0,0,0,0,0.45576443697451585
06-23-2014,0,0,0,0,2.556326801905078,0,0.41945017181348426,6.458485396944012
06-24-2014,0,0.035766394516893174,0,0.6889882974765856,0,0,0,3.349633750055935
06-25-2014,0,0,0,3.0870240981689503,0,0,0,3.6419298726308247
06-26-2014,0,0.9968807907374428,0,0.0,0,0,0,1.6100208811072831
06-27-2014,0,0,0,0,0,0,0,3.541472608310958
06-30-2014,0,0,0,0,0,0,0,-0.3908170092845552
07-01-2014,0,0,0,0,0,0,0.0,3.61559688574598
07-02-2014,0,2.134783302832871,0,0,0,0,0,5.829712820736393
07-03-2014,0,0,0,0,0,0,0.9145383900307917,4.750039530857527
07-07-2014,0,0,0,0,0,0,0,0.4838167320308418
07-08-2014,0,0.4683384186592152,0,0,0,0,0,1.1308419924699398
07-09-2014,0,0,0,0,0,0,0.0,4.391568590051843
07-10-2014,0,0,0,1.501766516092259,0,0,0,-0.26970973326479286
07-11-2014,0,0.9550077970985533,0,0,0,0,0,0.7984951637281177
07-14-2014,0,0,0,0,0,0,0,1.506417432294112
07-15-2014,0,-0.557151703734084,0,0,0,0,0.39365762315388986,-0.5726492817144093
07-16-2014,0,0,0,-0.1797330639191938,0.0,0,0,0.3650819330091787
07-17-2014,0,0,0,-0.798581272632849,0,-1.0656088418226177,0,-1.5806440271454343
07-18-2014,0,0,0,0,0,0,0,1.577585606480345
07-21-2014,0,0,0,-0.44793986730701374,0,0,0,-0.44793986730701374
07-22-2014,0,-0.7010245013991209,0,0.0,0,0.0,0,9.173531432226044
07-23-2014,0,0,0,2.9745860841670835,0,0,0.6905132212738174,4.499139244447397
07-24-2014,0,0,0,2.1653510214516007,0,0,1.097273498955261,3.432542059278222
07-25-2014,0,0,0,0,0,0,-0.10715192482012359,0.11509734117743498
07-28-2014,0,0,0,0,0,0,0,2.464707668946275
07-29-2014,0,0,0,0,0,0,0,1.393451344585444
07-30-2014,0,0,0,0.0,0,0,0,-5.115721565254419
07-31-2014,0,0,0,0,0,0,0.0,1.2312200030120868
08-01-2014,0,0,0,0,0,0,0.0,1.1608224615791398
08-04-2014,0,0,0,0.85697882964396,0,0,0,0.85697882964396
08-05-2014,0,0,0,0.0,0,0,0,-1.8207622436635078
08-06-2014,0,0.6423394922249013,0,0,0,0,0,0.6423394922249013
08-07-2014,0,0,0,0,0,0,0,1.7583203280931754
08-08-2014,0,0,0.0,0,0,0,0,1.3342563340830589
08-11-2014,0,0,0,0,0,0,0,1.7524284748345027
08-12-2014,0,0,0,0,0,0,0,0.0
08-13-2014,0,0,0,0,0,0,0,1.047416956016176
08-14-2014,0,0,0,0,0,0,0,3.101957249620655
08-15-2014,0,0,0,0,0,0,0,0.1739835769078516
08-18-2014,0,0,1.0497918730207174,0.22224926599755862,0,0,0,6.9756857900793054
08-19-2014,0,0,0,0.0,0,0,0,2.808344123867078
08-20-2014,0,0,0,0,0,0,0,4.669707246103004
08-21-2014,0,0,0,0,0,0,0,0.73983503867083
08-22-2014,0,0,0,0,0,0,0,0.7201081306827553
08-25-2014,0,0,0,0,0,0,0,-0.5105250507735428
08-26-2014,0,0,0,0,0,0,0,7.109955592727406
08-27-2014,0,0,0,0,0,0,0,0.42237321034538455
08-28-2014,0,0,0,0,0,0,0.0,-2.3003703698829265
08-29-2014,0,0,0,0,0.0,0,0,6.155405057626757
09-01-2014,0,0,0,3.942398367684236,0,0,0,6.661496818558659
09-02-2014,0,0,0,2.9020390578664434,0,0,0,4.714560383536592
09-03-2014,0,0,0,2.964309712770625,0,0,0,4.0306060165685755
09-04-2014,0,0,0,1.7886582972312914,0,0,0,3.410963090017753
09-05-2014,0,0,0,3.702406210535846,0,0,0,5.644977463965133
09-08-2014,0,0,0,3.378745069647152,0,0,0,3.289640820057835
09-09-2014,0,0,0,0.7745110657264886,0,0,0,10.344380005859009
09-10-2014,0,0,0,0.0,0,0,0,1.9379319174441865
09-11-2014,0,0,0,1.5497228427076515,0,0,0,3.022022080124609
09-12-2014,0,0,0,0,0,0,0,3.6346472964137098
09-15-2014,0,0,0,-0.028856372705952538,0,0,0,0.7532049161993779
09-16-2014,0,0.9856197775746431,0,5.272170823140832,0,0,0,7.570158683518024
09-17-2014,0,0,0,0.0,2.5282705816498368,0.0,0,3.640707463959492
09-18-2014,0,0,0,0,0,0,0,2.916852845228288
09-19-2014,0,0,1.334224029407869,0.0,0,0,0,6.086532060852303
09-22-2014,0,0,0,0,0,0,-0.313612089665789,4.243862717188358
09-23-2014,0,0,0,0,0,0,0,2.217540697694705
09-24-2014,0,0,0,-0.8243540987487461,0,0,0,0.9027561016044194
09-25-2014,0,0,0,1.4488160087731772,0,0,0,2.030921011007419
09-26-2014,0,0,0,0,-0.2823881613601217,0,0,1.5667960429260406
09-29-2014,0,0,0,0,0,0,0,1.5481845190188042
09-30-2014,0,0,0,0,1.4369910943209,0,2.809980994634955,6.439318634166561
10-01-2014,0,0,0,0,0,0,0,4.498329612550952
10-02-2014,0,0,0,0,0.0,0,0,3.1713871335425172
10-03-2014,0,0,0,2.5179450769848346,0.47558925976442473,0,0,4.525527923323873
10-06-2014,0,-1.4214873638849064,0.0,0,0,0,2.6980304153581316,1.2765430514732252
10-07-2014,0,0,0.5759894041203727,0.0,0,0,0,1.9455466488481337
10-08-2014,0,0,0,0.0,-2.1887276558875324,0,0,-1.3201647804665249
10-09-2014,0,0.0,0,0.8774616349592192,0.0,0,0,1.8761456175090165
10-10-2014,0,0,0.6616782985625237,0,0,0,0,1.548537352108855
10-13-2014,0,0,0,0,0,0,0,-0.9511785195288495
10-14-2014,0,0,0,-1.449620727729394,0,1.1306616809293828,0,7.212704684005907
10-15-2014,0,0,0,0,-0.9807387151238779,0,0,1.9483635508217714
10-16-2014,0,0.0,0,0,0,0.0,0,-0.14234593597886547
10-17-2014,0,0,0,0.0,0,0.0,0,2.237894978930363
10-20-2014,0,2.480433817818382,0,0,0,0,0,3.437997434228161
10-21-2014,0,0,0,-0.0943766422291827,0,0.0,0,2.9195618774256107
10-22-2014,0,0.0,0,0.0,0,0,0,3.190033313527472
10-23-2014,0,0,0,0.0,0,0,0,2.668446054067437
10-24-2014,0,0.6690256586764591,0,0,0,0,0.30693059491819147,0.7147444804065963
10-27-2014,0,0.0,0,0,0,0,2.109444786511001,6.731762885908022
10-28-2014,0,-0.3255019159909503,0,0,0,0,-0.020075395402392004,1.660168272131581
10-29-2014,0,0,0,0.6012860040853798,0,0,0.0,1.6674849972226877
10-30-2014,0,0,0.0,0,0,0,0.0,0.3555357486455084
10-31-2014,0,0,0,0,0,0,0,-1.4782675672506147
11-03-2014,0,0,0,0,2.9684093767803374,0,0,3.94221930945575
11-04-2014,0,0,-0.140398760835444,0,0,0,0,3.0971830675565073
11-05-2014,0,0,0.0,0,0,0,0,0.6398317969203071
11-06-2014,0,0,-0.8689986202680033,0.0,0,0.0,-2.011780423668365,-2.8675200238640812
11-07-2014,0,0,0.0,0,0,0,0,2.5248768732968414
11-10-2014,0,0,0,0,0,0,0,-0.881054628139369
11-11-2014,0,0,0.5843230732120338,-1.410618178649853,0.6647974608750434,0,0,3.774108980632322
11-12-2014,0,0,0,0,0,0,0,1.512372415858997
11-13-2014,0,0,0,0,0,0,0,3.95500864367837
11-14-2014,0,0,0,-0.3572687162748693,0,0,0,2.424677492902471
11-17-2014,0,0,0.056688394095274465,0.646706319462429,0,0,0,0.5705795656807465
11-18-2014,0,0,0.3758937160176583,0,0,0,0,0.5787200936526034
11-19-2014,0,0,0,0,0,0,0,0.0
11-20-2014,0,0,0.636118027726182,0,-0.6727901655803505,0,0,1.0666356084000101
11-21-2014,0,0,0,0,0,0,0,3.3154938138969507
11-24-2014,0,0,0,0,0,0,0,0.21628048514821518
11-25-2014,0,0,0,0,0.9529387438338128,0,0,1.4302133728226016
11-26-2014,0,0,0,0,0,0,0,1.7715865347083983
11-27-2014,0,0,0,0.0,0,0,0,4.706365387311367
11-28-2014,0,0,0,0,0,0,0,3.155516590679838
12-01-2014,0,0,0,0,0,0,0,2.057635443203507
12-02-2014,0,0,0,-0.6012860040853798,0,0,0,-2.028840615310296
12-03-2014,0,0,0,0,0,0,0,-1.1063446295860486
12-04-2014,0,0,0,0,0,0,0,-0.8450175039021091
12-05-2014,0,0,0,0,0,0,0,3.9522247729745237
12-08-2014,0,-0.12765874794323434,0,0,0,0,0,1.0202018613594346
12-09-2014,0,0.0,0,0,0,0,0,1.2638845690330043
12-10-2014,0,0,0,0,0,0.0,0,-1.051781531781661
12-11-2014,0,0.0,0,0,0,0,0,0.8761177475560866
12-12-2014,0,0,0,0,0,0,0,2.1754338538180256
12-15-2014,0,0,0,0,0,0,0,0.0
12-16-2014,0,0,0,1.6149108327010044,0,0,0,-3.987394701041882
12-17-2014,0,0,0.0,0,0,0,0,5.348961136375381
12-18-2014,0,0,0,0,0,0,0,1.4827753704857833
12-19-2014,0,0,0,0,0,0,0,0.41082739331329365
12-22-2014,0,0,0,0,0,0,0,-0.5026703353420723
12-23-2014,0,0.0,0,0,0,0,0,2.671745485269761
12-24-2014,0,-0.7412508924196464,0,0,0,0,0,-0.7412508924196464
12-25-2014,0,0,0,0,0,0,0,3.027174957504362
12-26-2014,0,0,0,0,0,0,0,-1.922134738637845
12-29-2014,0,0,0,0,0,0,0,1.2139170404020072
12-30-2014,0,0,0,0,0,0,0,1.221125264325676
12-31-2014,0,0,0,0,0,0,0,0.3539209503939081
01-01-2015,0,0,0,0,0,0,0,0.0
01-02-2015,0,0,0,0,0,0,0,1.7233142575035432
01-05-2015,0,0,0,0,0,-0.4415322788157133,0,1.7677122260942935
01-06-2015,0,0,0,0,0,0,0,2.4063665714373776
01-07-2015,0,0,0,0,0,0,0,3.668432109154113
01-08-2015,0,0,0,0,0,0,0,1.700878242788749
01-09-2015,0,0,0,0,0,0,0,-1.3320959928347509
01-12-2015,0,-0.6043439361190046,0,0,0,0,1.0878458882391622,2.009862605143031
01-13-2015,0,3.358114317495011,0,0.33639508279017527,0,0,0,6.792076829143941
01-14-2015,0,0,0,0.8457596229841197,0,0,0.6818488815168182,4.277659365168488
01-15-2015,0,0,0,1.2120676918541209,0,0,1.3395762411501504,11.19642449406626
01-16-2015,0,0,0,0,0,0,0,-2.03865457444308
01-19-2015,0,0,0,0,0,0.0,0,1.854586394424036
01-20-2015,0,0,0,0,0,1.6234728373568479,0,1.919204781135786
01-21-2015,0,0.4838288519294356,0,0,0.0,-0.6815651875262375,0,3.1225888007708473
01-22-2015,0,0.5542975781712813,0.0,-0.5582816217639693,0,0,0,1.7022548277662963
01-23-2015,0,0,0,3.1173530021883,0,0,0,3.417953744411053
01-26-2015,0,0.0,0,6.571245708949878,0,0,0.0,6.743906122069917
01-27-2015,0,0.0,0,-0.5327780643365971,0,0,0,-0.514623891302505
01-28-2015,0,0,0,6.829456398545984,0.9264597079151071,0,0.0,7.665033230855112
01-29-2015,0,0,0,-1.2801042130581068,0,0,-1.728501065592533,1.9967295535069447
01-30-2015,0,0.38417282969801975,0,1.077840569957117,0,0,0,4.56510087338871
02-02-2015,0,0,0,1.2724216135703996,0.4838288519294356,0,1.6073874198444882,1.5923761518424109
02-03-2015,0,0,0.0,1.5383295352098385,0.0,0,0,2.278813597322559
02-04-2015,0,0,0,0.0,0,0,0,-6.4214290027051355
02-05-2015,0,0,0,2.7845331482684346,0,0,0,7.270731221726114
02-06-2015,0,0,0,0.0,-1.1518719846545171,0,1.3493496163960454,1.4075798130852692
02-09-2015,0,0,0,0,0.24817532609733828,0,0.7630164163603878,5.66912781719387
02-10-2015,0,0,0.0,0.0,0,0,1.6333679321482948,12.820096458913188
02-11-2015,0,0,0.0,0.0,0,0,0,4.2946131137589205
02-12-2015,0,0,-0.0641105915645304,0,-0.18975272987598044,0,0,1.9241405398908673
02-13-2015,0,0.0,0,4.401422583107382,0,0,2.9250552185788425,5.9619743935159555
02-16-2015,0,0,0,0.9832579983579582,-0.8749348266952827,0,0,3.630565270789398
02-17-2015,0,0,0,0.6783780800909732,0,0.0,0,0.49953312065866506
02-18-2015,0,0,0,0.0,0.0,0,2.801198033268381,5.361360308600313
02-19-2015,0,0,0,0,0,0,0,1.7533903264559152
02-20-2015,0,0,0,0.0,0,0,0,1.4631256118933518
02-23-2015,0,0,0,0,0,0.0,0.0,1.2086683020897189
02-24-2015,0,0,0,0.0,0,0,0,5.302777565371809
02-25-2015,0,0,0,0.0,0,0,0,1.2338779496667989
02-26-2015,0,0,0,0.0,0,0,0,2.6159039948854517
02-27-2015,0,0,0,0.0,0,0,0,1.704513050672725
03-02-2015,0,0,0,0.0,0,0,0,4.594567595968035
03-03-2015,0,0,0,0,1.4953287644425226,0,0,1.260271183397792
03-04-2015,0,1.7688249480219358,0,0,0,0,0,7.838702399211379
03-05-2015,0,0,1.5587406181924262,0.0,0,0,0,9.944115395105015
03-06-2015,0,0,0,0.0,0.0,0,0.8077251687280071,-0.387824102194285
03-09-2015,0,0,0,0.6468330970072649,0,0,0.015229955488438468,6.314744301278084
03-10-2015,0,0,0,-0.20116747713279626,0,0.6598761158930679,0,6.145352964665327
03-11-2015,0,0,0,0.0,0,0,0,-2.6493653931767893
03-12-2015,0,0,0.0,0.8386499998353193,0,0,0,5.398400184580984
03-13-2015,0,0,0,0.2979188438203685,0,0,0,-1.1749340090052283
03-16-2015,0,0,0.0,-0.7511246737329946,-0.3255892896854185,0,0,-3.8453675486441856
03-17-2015,0,0.0,0,2.835494736937282,0.0,0,0,7.302745270214479
03-18-2015,0,0,0,0,0,0,0,1.8023622673946664
03-19-2015,0,0,0.0,1.0722075372635975,-0.5918090627620813,0,0,-0.7431950932195275
03-20-2015,0,0,0.0,0.0,0.0,0,0,-0.6521661514168409
03-23-2015,0,0,0.0,0,-0.3476009281345899,0,-0.659598857020844,-4.600478282697652
03-24-2015,0,0,0,0.0,0,0,0,2.334677840841439
03-25-2015,0,0.0,0,0.3180159264409029,0,0,0,2.7404261768398808
03-26-2015,0,0,0.0,0.0,0.0,0,0,2.689185888746145
03-27-2015,0,0,0,0,0.0,0,0,-1.5702603345978223
03-30-2015,0,0,0,0.0,0,0,0,0.7884549073486011
03-31-2015,0,0,2.212747819320616,0.603563880510461,0.8373622864228333,0,-0.33881202982524505,6.586700717291755
04-01-2015,0,-1.6348523535812134,0.0,1.6261232855936316,-0.45726919501539587,0,0,2.7753996309949494
04-02-2015,0,0,0,0,0,0,0.0,6.635135478070167
04-03-2015,0,0,0,0,0.0,0,0,3.2157697443759474
04-06-2015,0,0,0,0,0,0,0,1.0062568804772556
04-07-2015,0,0,0.0,2.204156778438982,0,0,1.9928951331299765,7.989777462115649
04-08-2015,-0.36247294062483554,0.0,0,0,0,0,0,3.0800189494658734
04-09-2015,0,0,0,0,0,0,0,-1.858374961128235
04-10-2015,0,0,0.9936669671368135,2.031786800905681,0,0,0,11.291439691807476
04-13-2015,0,0.3061631096533278,0.0,-0.22934521206119104,0,0.0,0,7.45760785001375
04-14-2015,0,1.1219280264543274,0.0,0,0,0.44449853199511724,0,10.955451070134412
04-15-2015,0,0,1.4534002903294134,0,0,0,1.0663130873812674,4.197328066570813
04-16-2015,0,0,0.0,0.5752428451466985,0.6231393153233908,2.306490352333222,0,3.8417692365601015
04-17-2015,0,0.8406581232888376,0.08172205258801755,0,0,0,0.9963974408377214,5.677362761803665
04-20-2015,0,0,0,0.0,0,0,0.0,4.773266984143705
04-21-2015,2.9084217631010034,-0.13150389095357273,0,2.0720680976484527,0,0,0,11.436776403234449
04-22-2015,0,0,0,0,0,0,0.520276273728295,1.4557728264546617
04-23-2015,0,0,0.5432887601228852,0.0,0,0.4323158965152379,1.5491531882509015,3.4314360751560895
04-24-2015,0,1.2151091548209862,0,4.947586468709018,0,0,0,8.454985770823154
04-27-2015,0,1.6076675307304227,0,0.0,0,0,0,4.235366112527871
04-28-2015,0,0.8618613404601321,4.386108727540799,1.5811824503569647,0,0,0.0,11.848238646164605
04-29-2015,0,0,0,0.622631597732829,0,0,0.0,-2.1928930394287254
04-30-2015,0,0,2.0992077410767886,2.4423128120072404,0,0,0,9.194229526547542
05-01-2015,0,0,0,1.0400476520427238,0.8162689304804056,0,-2.3264859277669085,4.54755713165034
05-04-2015,0,0,0.2871708769059853,-1.5300436842591307,0,0,0,0.5820262098182829
05-05-2015,0,0,0,2.032662480947319,0,0,0,14.90660660603027
05-06-2015,0.190060956909537,0.0,0.0,0.5643958217075371,0,2.0930007813496436,0,0.07418789278999566
05-07-2015,0,-1.4187195198106592,0.0,0.21460083187898693,0,1.279688324749771,0,3.09635047677632
05-08-2015,0,0,2.1512796316455125,0,2.339490308940668,0,0,7.354333904713115
05-11-2015,0,0,0,-1.9654835949586675,0,0,0,3.3674189873227984
05-12-2015,0,0,0,0.38764062887109596,0.2312705315183681,0.8326382535815604,0,11.726816796556417
05-13-2015,0,0,0.9632925369791135,0.0,1.1821321466828467,0,0,8.202167059798347
05-14-2015,0,0,0,1.676692479446676,0,0,0,3.288063325046455
05-15-2015,0,0,0,-1.8290767800615835,0.0,0,0,2.855072986284674
05-18-2015,0,0,0,2.749610653286622,0,-2.4225946681224215,0,1.9742371488799797
05-19-2015,0,3.591606651363893,0,2.445830825562988,0.9797424390342203,0,0,10.913746775786914
05-20-2015,0,0,0,-0.4327433805063684,0,0,0,1.5358182472839546
05-21-2015,0,0,0,1.0789471287009507,-0.2798235167920499,0,0.0,16.12525806802752
05-22-2015,0,0,0,0.0,0,0,-1.2312200030120868,3.1544395892572337
05-25-2015,0,0.13010372579110174,0,1.0591721075049245,0.0,0,0,8.640894615536862
05-26-2015,0,0,0.0,-0.23567004139038142,0,-0.19801409039603066,2.847016181527722,8.392901049639155
05-27-2015,0,0,0,0,0,0,0,5.755236346013612
05-28-2015,0,1.328269109131863,0,0.0,-1.3760694151311557,0,0,8.191615604998942
05-29-2015,0,0,0,0.0,0,0,0,15.790178156024703
06-01-2015,0,0,0,0,0,0,1.9753877512795919,6.531123042391705
06-02-2015,0,0.5750349009925306,0,1.9297590948181542,0.5312889027998978,0,0,20.793959165112316
06-03-2015,0,0.0,0,0.0,0,0,0,6.507335709447153
06-04-2015,0,0,0.6580046185055561,0.6361180277261818,0,0,0,7.06934925379182
06-05-2015,0,0,0,0.0,0.0,0,0,3.29826886061282
06-08-2015,0,0,0,1.0030858336608715,0.08654615974838897,0,0,12.819153744678514
06-09-2015,0,1.8053191584968782,0,2.2144562844292954,0,0,0,17.979940237292826
06-10-2015,0,0.3855284618274416,0,0.0,0.3787356194579541,0.0,0,8.038390535331517
06-11-2015,0,0,0,0,0,-1.9458458923293191,0,3.7942047143037825
06-12-2015,0,0,0,2.9068525750737444,0,0,0,0.4947634606116915
06-15-2015,0,0,0,0.0,0,0,0,11.215473973934483
06-16-2015,0,0,0.0,0,0,0,2.2586057177178596,9.892171131900072
06-17-2015,0,0,0,0,0,0,0,8.001253917603373
06-18-2015,0,0,0,-0.9157860549557997,0,0,0.0,7.077631821535336
06-19-2015,0,0,0,0,0,0,0,3.0943260354770175
06-22-2015,0,0,0,0,0,0,0,7.060834602963424
06-23-2015,0,3.7589433956241463,0,0.37477210189553556,0,0,0,19.364358691676124
06-24-2015,0,0,0,0,0,0.0,1.850287083786718,6.327793250745264
06-25-2015,0,0,0,0.0,0,-0.557151703734084,0.0,11.003364256467597
06-26-2015,0,0,0,0,0,0,0,3.170344245819291
06-29-2015,0,0.4845978805315032,0,0.0,0,0,0.22360928044863834,13.244359654162707
06-30-2015,1.7552109544478927,0.8857012271242302,0.0,3.1691552796229714,-0.40081544261080443,0,0.2205594328541746,12.344468493181584
07-01-2015,0,0,0,0,0,0,1.5959201592414287,8.773901246850354
07-02-2015,0,0,0,0.0,-0.48163162735209936,0,0,-0.358534354661748
07-03-2015,0,0,0,0,0,0,0,4.948797699627399
07-06-2015,0,2.5458379940561877,0,0,0,0,0,3.7055918989490673
07-07-2015,0,-1.0422161006899338,-0.6897087948258394,-2.159745991218584,0,0,0.0,5.097509528642984
07-08-2015,0,0,-1.8503659607366973,0,0,0.0,3.768614184118832,8.177012347402375
07-09-2015,0,0,0,1.0121755031298056,0,0,-2.397274335999079,-5.619900632262528
07-10-2015,0,0.42261183598739865,0,-1.2702615983356922,0.0,0,0.0,-1.450313673269762
07-13-2015,0,0,0,0.0,-0.6321502286706702,0,0,4.5545045899075625
07-14-2015,0,4.2147161842463365,0,0.0,0,2.114177218447781,0.9521069672171408,13.498605615080361
07-15-2015,0,0,0,3.5942988844256414,0,0,0,19.262011652840343
07-16-2015,0,1.7885343021834443,0,7.769018657098114,0.0,0.0,0.0,13.977459385735148
07-17-2015,0,0,0,0.0,0,0.37352817814715733,0.0,1.5267052693656407
07-20-2015,0,-0.5813289739711971,0.0,1.7677671790756209,0,0,3.5689385878520974,8.46700871221093
07-21-2015,0,1.0794051903718862,3.202235099009806,1.1390489948493596,0,0.0,0.8502160502002502,27.065315857855442
07-22-2015,0,0.0,-0.48900050286871416,0.1605097109200524,0,0,0.0,6.522606298625025
07-23-2015,-0.9134961180275333,0,0,4.991405523259624,0,0,0,7.978055528362917
07-24-2015,0.0,0,0,0.0,0,0,0,2.0539504626879284
07-27-2015,0,1.3996149068852353,0,0.0,0,0,0,10.562345266848565
07-28-2015,0,1.928543400471936,0.0,0.0,0.0,0,1.077652086950847,10.455829489854576
07-29-2015,0,0,0,1.153258279015637,0,0.0,0.6096922600205279,7.50201699293476
07-30-2015,0,0.004694900227523391,0,0.8662953462638197,0.960037886391252,0,3.1331923946108753,10.561634828550606
07-31-2015,0,0,0,-1.3839376607059868,0,0,-1.7173241706702544,-1.9053181631648455
08-03-2015,0,0,0,0.0,0,-0.4468719873069968,1.3670565628215248,8.860899519545303
08-04-2015,0,-1.0503952374205412,1.0992460941924906,2.8117269591006058,0,0,-1.356112385016973,17.068671816966884
08-05-2015,0,0,0.0,2.155962167432784,0,0,0,-4.514642216810428
08-06-2015,0,0,-4.026864640655241,4.402375980829904,0.0,-1.127681148052975,0,4.913678587394511
08-07-2015,0.0,0,-0.7589213690119302,-1.0864388908096583,0,0.0,0,0.11638103225703889
08-10-2015,0,0.9437197124424165,0,-2.4964299014958766,0,0.2872401916240413,0,10.132883451106633
08-11-2015,0,0.0,0,1.471010555527545,0,0,3.002067940014477,12.5814243907049
08-12-2015,0,-0.11240308772859146,0,-0.6266325971118885,0,0.0,-1.3257228312818379,10.349624535539704
08-13-2015,0,0.3104606221727995,0,1.0127649868724198,0,0,0.0,0.09342893509552752
08-14-2015,0.0,0,0.05940669539924638,0.914872384987845,0,0,0,27.10945618115418
08-17-2015,0,0.0,0,0,0,0,0,12.987213563090489
08-18-2015,0,-1.1874432917938793,0.8257247178873255,0.0,0,0,0.0,9.38031259250915
08-19-2015,0,4.812038140210666,0.0,0,0,0,0,9.085820134396249
08-20-2015,0.5476917216013243,1.0440112579213048,0.7986842168324138,0.0,-4.726449037078597,0,0,11.227688408450563
08-21-2015,0,0,0,1.710316452607485,2.226590156881329,0.45284798538899484,-2.887276457293004,1.8865709311438086
08-24-2015,0,0,0,-6.544423443159916,-0.1317672790244456,-0.17094407211675786,0,6.647281982958362
08-25-2015,0,0.0,0,3.3541362930263205,1.133149398190301,0,2.6349117131415944,23.938646031078616
08-26-2015,0,1.608150362104153,0,7.262150034497587,-0.716624795898208,0.2144597376652471,0,10.977346698253163
08-27-2015,0,2.125014790753916,0,4.2419301262824565,-1.5852276019405949,4.342067899684943,0.0,32.42086251794891
08-28-2015,0,3.4787099124440317,0,1.7659134602676967,0.0,0.0,0,23.988719114048354
08-31-2015,0,0,0,0.023684769713050224,-2.6398661925871374,0,0,7.756797055540806
09-01-2015,0,0.0,0,0.18936780972897704,0.798581272632849,0,-0.458850748834962,11.837629072826392
09-02-2015,0,-1.6869415402782137,0,0,0.2885206177906712,0,0,-2.0480060083756304
09-03-2015,0,3.144131364981571,1.393451344585444,-0.9693056222918732,0.8326382535815604,0.3335424232854457,0,23.382222676238396
09-04-2015,0,0.0,0.0,0,0,0,0,7.205546310829131
09-07-2015,0,0.0,0.685314617419618,0.0,0,0,0,10.423878794311827
09-08-2015,0,0,-1.2106508655660004,5.520100229422754,0.0,0.3539209503939081,0,22.871633213589288
09-09-2015,0,-2.2672141518724684,0,6.0695969753546795,-0.7083964185322641,-1.939701669502044,0,2.2534649216430225
09-10-2015,0,-3.7254605525816538,0,0.8403156325570267,-1.6459397862575578,-0.5043802905876974,0,-6.735543527489664
09-11-2015,0,0,0,0,0.18936780972897704,0.0,2.077154155983988,10.97650475523218
09-14-2015,0,0.0,0,3.533724789253788,0.0,0,0.36247294062483554,16.66941366892401
09-15-2015,0,0.0,0,-3.552374667398671,1.542884078952278,0.08621619981024775,-2.8777531046243494,7.090402834686209
09-16-2015,0,7.397979722962658,0,0.4837189907005688,0,0.901528486078688,0,18.472621680312372
09-17-2015,0,-1.9017379886717576,0,1.1631407793161244,0.8949295703490422,0.0,0,23.602709085757727
09-18-2015,0,0,0,-0.5578044210137957,-0.24038344221818903,0,0,12.109672301628015
09-21-2015,0.0,0,0,1.3911311655596434,0.5507747496729325,2.07009155309498,0,16.44259327961882
09-22-2015,0,-0.8095169281972352,0,1.9392940545485253,1.7217766787220006,0,0,13.982501372000597
09-23-2015,0,0,3.4571039708116693,0,0,0.0,0,-2.612311453663451
09-24-2015,0,0,0.5401695978103653,0,0,0,0.8718405237082992,10.686594769241424
09-25-2015,0,0.0,-2.109670846512114,0.0,2.55170109600305,0,0,4.39873260898114
09-28-2015,0,0,0.40430835289926775,0,1.4411880097049734,0,0,4.191174355889657
09-29-2015,1.4937898694954295,0.7945134575869864,-2.7615373278303195,2.0391693583555273,3.637592190804289,0.0,0.2921615366060169,10.857467625238257
09-30-2015,0,0,3.089023084033844,0,0,0,1.0837810227710905,16.413656865449724
10-01-2015,0,0.5220091416796948,-0.4895086869931046,0,1.0397207708399179,0,0,-6.123161619060104
10-02-2015,0,0,0,0.0,0.0,0.6737390595042668,0.0,7.491572212264571
10-05-2015,0,0.21159272679747793,0,-2.0604562523085064,0.0,2.1616295391833726,0,3.289562980352342
10-06-2015,0,0,-0.2205594328541746,0,0,0,0,26.5276765719533
10-07-2015,1.058452828111807,0,0,0.5868184030620497,0,0,0,8.484854634184055
10-08-2015,1.370695993959462,5.16631506246735,0,4.383023586870291,0.0,0.0,-5.064875105644785,9.987028412077015
10-09-2015,0,3.5200130756718524,0,0.8085786444597288,0.2051715654457438,1.9785795752907975,0,11.994785117986416
10-12-2015,0,3.377148443533976,0,0,0.0,0,0,21.838792571068712
10-13-2015,0,-4.355139697992245,1.1621351917413163,0,0.0,-0.2968411795359361,-0.7519260614714286,11.786151781373878
10-14-2015,0,-0.20582693507851602,1.1289887256094076,0.7556601122005309,0,0.8476909484790406,0,-0.1464975048566659
10-15-2015,0.68406695249461,2.830541062507714,2.2878318797769253,0.0,0,1.5565382049760244,0,29.93348148296289
10-16-2015,0,0,-2.8205227744338015,0.0,-0.1652892736069821,0.0,0.0,10.155418500906402
10-19-2015,0,0,0,0.0,0.0,0.557151703734084,0.0,12.889476876309136
10-20-2015,0,2.0562371508129904,4.700775660094919,0.0,0,0.0,0,12.277323250134094
10-21-2015,0.38121846416783406,0,-0.16005954852937054,0,0,0,0,3.71263252833211
10-22-2015,0,-1.2296105650996527,0,0.0,0,0.0,3.99152169155803,19.42423088797799
10-23-2015,0,3.1196578231531364,0.0,0,2.4006683143601872,0,0,5.778640381411041
10-26-2015,0,-0.5046804621656962,0.0,-0.6290662474059734,0.6657764782417996,0,0,12.462441285941928
10-27-2015,0,1.9880514580240145,0,-3.5921966626601955,-2.236021219015182,0,3.5273634345982137,4.337288461016465
10-28-2015,0,0.0,0,1.0240042971137142,0,0,0,10.083667246551586
10-29-2015,0,1.1845549999539398,0.23567004139038142,-1.7107076026702166,0,0,1.3945263949001951,9.37583067749738
10-30-2015,1.1687944667957137,0.0,0,1.5438833048525078,0,-1.7595374415308445,0,10.560593882971292
11-02-2015,0,-1.640131361739659,0,-1.7130798277377748,1.755364240455436,0,2.1583455350458136,-1.1962198806806406
11-03-2015,0,0,1.6863505544292017,4.454589368085775,0,0.0,0.0,23.168642769352864
11-04-2015,0,0.0,1.207787859477654,0,0,0,-0.47770988930775476,14.616245184001608
11-05-2015,0,6.478804449401059,0.0,-1.8629105689754109,0.8904993705117825,0,2.6562926981149593,20.72878400938591
11-06-2015,0,3.265149486395669,0,2.6350987436208357,-0.4463867842806048,0,0,26.50565904686191
11-09-2015,0,-0.09984652219023893,0.523708478008088,2.929170629816705,0,0,0,28.407514574644562
11-10-2015,0.6876020031154657,10.524514930669335,0.0,6.362770351608454,1.7953522021414252,0,0,91.25310355016985
11-11-2015,0,0,0,0,0,0,4.624605029847649,16.996809514909657
11-12-2015,0,0,0,0,0,0,0,8.939162376068841
11-13-2015,0,0.5860559411634337,0,-1.1890246735325303,0,0,0,20.79735244967527
11-16-2015,0,0,0,0.0,-1.6450982262822307,0,0,5.934247082428824
11-17-2015,-5.301535589160585,0,0,0,0,-1.2965171519334207,-2.9023646733877144,7.5662615339029315
11-18-2015,0,0,0,0,0.5007295232365045,0.0,0,14.872414816215406
11-19-2015,0,0,0,0,0,0.29473089190323787,0.0,10.831473199094768
11-20-2015,0,1.5127924862269153,0,0.7820612889053303,0,0,3.291881861765124,14.61204960653686
11-23-2015,0,1.3478940073168695,0,0.7459744724132055,0,0,0,6.255474098047886
11-24-2015,0,0.444168713302813,0.0,0,0,0,1.572098952865629,1.7622277201287058
11-25-2015,0,1.5735231658760778,0,0,0,0,0.0,7.335485249356778
11-26-2015,0,0,0,0.0,0,0,0,18.20592118572664
11-27-2015,0,0,0,0,2.4997154585284074,0,0,9.509523499359966
11-30-2015,0.25771212173218766,1.8540631900199025,0,0,0,0,0,4.926709473148959
12-01-2015,0,0.0,0,0,0,0,0,33.23089480270478
12-02-2015,0,0,0,0,0,0.5480021609506928,0,3.882747565226932
12-03-2015,0,0,0,0,0,0.7087964566359778,0.9084386948418642,14.237656956239418
12-04-2015,0,3.651916860215137,0,-0.19544312615405673,0.0,0,0,12.684147141668259
12-07-2015,0,5.852865241634204,0,0,0,0.0,0,36.800344455809565
12-08-2015,0,0,0,-2.0043737020251937,0,0.0,-0.9079616755492091,9.52061491371704
12-09-2015,0,0.8269245864080148,0,0,0.0,0,0,12.094970234078742
12-10-2015,0,-0.9718503361092969,1.5901791210067602,0,-1.494425321287242,0.0,0,4.023323188601584
12-11-2015,0,1.481602098446883,0,-0.4103431308914876,-0.5015612998531764,0,0,1.1757913771648616
12-14-2015,0,0,0,0,3.5370337187853775,0,0,18.38282311924192
12-15-2015,0,2.145242931245694,1.0270926286758157,0,0.5464988441762534,0.2625641519961073,0,13.779632854171153
12-16-2015,0,2.235714995753343,0,0.0,2.7794992747736913,0,1.3570780477644333,20.60207424091671
12-17-2015,0,0.6046762036829276,0,0,2.371122094517984,0,0,13.738917796164237
12-18-2015,0,0.0,0.0,0.8727660374609856,0.6742935772487147,0.0,0.0,5.781142385020037
12-21-2015,0,0,0,2.1017452573055917,0.6793972237492103,0,0.0,1.9993559665679403
12-22-2015,0,3.5333391785027013,0,1.0174866482408382,0.0,0,2.301617529829965,13.89580078900255
12-23-2015,0,3.353153187500531,0,1.0889445005278304,0,-0.8971339662424872,0,13.91187429217296
12-24-2015,0,0.0,0,0,0.0,0,0.4013432596389312,14.014888168474428
12-25-2015,0,3.5611178099341694,0,0,1.3580139561530449,0,3.4137498642577304,14.942330317546599
12-28-2015,0,0,0,0,0,0,0,8.520377875071379
12-29-2015,0,0,0,2.4772034391736577,0,2.7548953766763553,0,23.270624598721103
12-30-2015,2.1075561356174504,0,0.0,1.1128660142447335,2.5544329298613873,0,0,10.112744060031869
12-31-2015,0,0,0.6690256586764591,0,0,0,0.0,6.778983920922943
01-01-2016,1.2626369041079961,0,0.0,0.0,0.0,0,0.0,-1.2046794519480861
01-04-2016,0.0,0,0,0,0,0,0,4.674420036574984
01-05-2016,6.787186153375796,0.0,0,7.4625020060844385,0.0,0.7890908702480355,0,33.74294290017009
01-06-2016,0,0,0,1.8482168679038695,0,0,0.0,2.797638027471259
01-07-2016,0,0,0,0.866585373301405,0.0,1.7717186892193193,1.9270348206094765,14.489078067853239
01-08-2016,0,0,0,2.3518650689949974,-2.459944072670983,0,1.2025455614132259,16.465369826051028
01-11-2016,0,2.4565871294790997,0.0,1.0972853351220455,-0.2098250037968128,0,0.8495568828270493,21.2070922345312
01-12-2016,-1.1055229020509834,0.3747822947080533,0.0,5.290239796937355,0,1.5615402769509301,0,20.76156498065418
01-13-2016,0.2847814938575959,0,0,0.3304232609729259,0,0,0,10.047915175201771
01-14-2016,0,0,0,0.0,2.8348441815150536,0,0.35584672243917953,-4.2179329879214045
01-15-2016,0,3.07322584161996,0,-1.5008249636135191,0,0,0,4.624225780552649
01-18-2016,0,-2.722118001793711,2.1401215309725456,0.9458698238054902,0.8901014282748805,0,0,-5.327255211076635
01-19-2016,0,-4.127913923842517,0,-4.729666518384474,2.3318766863852893,-0.2716443800614426,0.23400378668118396,16.742525973563723
01-20-2016,0,0,-0.5832602994661179,-0.4139474962303993,-1.1459109189017016,-0.02127789823943771,0.0,0.6287637506412243
01-21-2016,0,0,0,0.0,3.791914315038727,8.717292826207887,-4.061678813608454,16.767313190692626
01-22-2016,0.0,-0.6608465219458518,0.0,3.160892339664067,-4.876171687590235,0,2.3838608752286516,-2.3268064423208643
01-25-2016,0,0.0,0,-0.8950883780275791,0.10856979694915148,0,0,7.270465928793432
01-26-2016,1.9425349604939601,0.0,-2.0177682048412566,-0.43417051495380554,0.0,0,1.774175470556145,4.477309684846971
01-27-2016,0,3.4123696516086595,0,2.6349984788928715,0.1600678104589437,0,0,18.80162461612482
01-28-2016,0,0,0,1.7942332002332801,0.0,2.9479627330307543,2.787501043916223,10.798609150080864
01-29-2016,0,0.05351096233922778,0,0.0,-0.9212992057626821,0.0,0.0,9.605779435292972
02-01-2016,0,2.1772889077009205,0,0,-0.7826688019773158,0.0,-0.1538622644287,2.3463819034593865
02-02-2016,0.0,2.4668590738994585,-2.9461135771517317,-5.683595688214446,3.001977036254851,0,2.480185327153403,-3.882395615040857
02-03-2016,0,-1.8577730733367652,3.10419693343967,0.0,2.910892433707898,0,0,26.551119363310875
02-04-2016,0,0.0,0.8690434725681029,1.0684170641150998,0.9654479446775242,0.22224926599755862,0,5.314571273356096
02-05-2016,-0.2921615366060169,-2.3519641440243424,0,2.8953524988912345,0,-1.6833405276386189,0,2.6367456264122606
02-08-2016,0.0,0,2.752870617185164,0,0.0,-0.4666266819529552,1.0757160886932253,5.579630314708314
02-09-2016,0,6.346209695661215,0.0,0.0,0.8299855197907422,-0.8369228415073661,0,2.694777042244328
02-10-2016,0,-2.0212422361012936,5.1579337138114525,-1.4571850859178344,-3.5566525372049704,0.0,0,-1.8218457997287714
02-11-2016,0,0,-2.787574815877753,0,0.0,0.0,0,-2.9563747842292245
02-12-2016,0,0,2.6483884627370955,-1.1148702940626487,-0.6446206571777365,0.0,0,12.762227579548068
02-15-2016,0,0.0,0,0,-0.5974205304526472,0.0,4.2190368277662005,1.5962986794168903
02-16-2016,0,-1.7612869858028208,0,0.0,0.9699901644755874,0.06502129166233765,0,19.59306869698916
02-17-2016,0,0.6794921811029143,0.0,0,1.9350956852600087,0,-2.684268854937817,4.97335469209424
02-18-2016,0,0,0,0,0.39481663404694484,0,-5.0216589782530425,4.051365926426244
02-19-2016,0,-1.085209218746359,0,2.871711336381029,0,0,0,2.1692557031058697
02-22-2016,0,0.0,0,0,4.351916446980233,0,0,5.343339612803866
02-23-2016,0,-1.9239546469444853,-2.955300404926247,0.027532340528772403,5.620994437474192,1.1022657388675754,0.0,13.498665738400494
02-24-2016,0,0,0,0.0,0,0,0.5359414000089497,-7.408003432044856
02-25-2016,0,1.0976879150821022,0,-1.5547096914491834,0,-0.9281720509858999,0,13.572022521508362
02-26-2016,0,0.0,0,0,-1.3408076815733956,0,0,14.475446328103752
02-29-2016,0,0,0,0,0.0,0,0,12.24301725638305
03-01-2016,0,0,0,0,4.171305069022676,0,0,21.482054129380018
03-02-2016,0,0.06986769518843702,0.0,0,0.2503647616182523,0,-1.2629385312016927,5.039013263101392
03-03-2016,0,0,0.0,0.058540615859436596,0.0,0,0,24.071670006490077
03-04-2016,0,0.0,0,0,0,0,0,5.8141196169934455
03-07-2016,0.07049306826294643,1.2967397453915457,0.29744332597962364,0.0,0.0,0,0,23.59305357764521
03-08-2016,0,3.4944807367850377,-0.20676904274891755,-0.6178632145834512,0.5860559411634337,0,0.0,18.045693104922023
03-09-2016,0,0,0,0,0.0,0,-0.4420648929972853,1.9485992808053973
03-10-2016,0,-2.0359457392253355,-2.5095383126008137,0,-1.0328102894549636,0,0,4.648397210306725
03-11-2016,0,0,0.0,0,-1.054664664018066,0,0,4.447929746880135
03-14-2016,0,0,0.0,0.0,0.0,0,0.8870454481629004,-4.823491813039931
03-15-2016,0,3.2207083744717857,0.0,-0.6780365720237385,0,0,2.8218493936099245,33.86295650863947
03-16-2016,2.8993890627851937,0,1.014315035530002,0.0,0,0,0,7.196201080584737
03-17-2016,0,3.870208324865006,0,0,3.46539281803562,0,0,20.809508075378307
03-18-2016,0,0.0,4.662226630555657,-1.6889972453103363,-1.5678403169313198,0,0,23.3073821686554
03-21-2016,0,2.259057136503345,-0.2822775852697822,0.0,-0.6161860814675281,0,0,12.045438306957472
03-22-2016,0,-3.3927793580313246,1.9827370611646382,2.232762518656344,6.002125986046156,0.0,0,38.47795053631019
03-23-2016,0,-0.03943823971206493,1.0629073892863963,0.9260446332280869,2.341544733887609,0,0,19.0448645034197
03-24-2016,0,0,-2.6863857994933924,-0.9437197124424165,0.0,0,0,17.599631518552396
03-25-2016,0,2.579347337968638,0.6173168790066872,0,-0.5812039108995142,0,0,6.082400439948034
03-28-2016,0,-2.574348628599637,0,0,0,0,0,-7.82318127595628
03-29-2016,2.69586666448901,-1.6787043673682658,0.7664940077128878,0.0,0.2945379545919202,0,0,12.55873261958498
03-30-2016,0,0.0,1.0579636339873897,0.0,-2.807819561728134,0.0,0.0,10.366921361170748
03-31-2016,0,0.0,3.7759341298196505,0.0,-2.6729617052872947,0,0.0,1.151504203244686
04-01-2016,0,0,3.8699166199890316,2.8700329179431963,0.0,0,-0.14022367462727695,11.599656205000933
04-04-2016,1.3096631419198608,2.2344993795924113,-1.683447246800865,-0.6120489604344317,-0.7131098193600717,-0.708495064962064,0,6.309253176589529
04-05-2016,0,3.805401359730978,-1.5573360658412017,3.450676671050752,-1.1294158682997582,0,-0.5234426602098126,25.4912394000533
04-06-2016,0,0.0,1.4843866517642197,-0.04276574343526862,0,0,0,14.653682781722312
04-07-2016,0,0.0,2.336237873962666,0,-1.3036133417335791,0,0,3.90753203182774
04-08-2016,0,0.0,4.996958122986794,0,0.0,1.0400187790149156,1.3448946576025782,17.213542942869122
04-11-2016,0,-0.08960664814733554,0,0,1.0445717702486144,0.8541317389810138,0.24773707109465876,17.77830539248739
04-12-2016,0,9.939509260931706,1.4001573047310896,0.0,-0.3180680511728641,-0.20600805279156484,0,32.60534198479732
04-13-2016,0,0.0,0,1.8723812991999051,1.7999307671934455,0.0,-0.7517874320353166,24.25555035695555
04-14-2016,0,0,0.0,1.7740374139466644,1.517429843631314,0.0,0.0,19.303935511721104
04-15-2016,0,-0.17328679513998632,0.21224166668745525,-0.5351340458102363,0.0,1.814897570297907,-0.5045745016500427,2.848659443786563
04-18-2016,0,0,0.0,1.1616404094984685,0.5300590533869638,1.2591711682051967,0.0,-1.904386754018037
04-19-2016,0,0.0,-1.4591768418089834,-4.770487706887514,-1.949657757423665,3.9242070569041143,-1.107752822927304,35.671792290278816
04-20-2016,0,0,0.5121231437365307,0.0,2.576358999284568,0.8461631416144496,-3.287926857525919,3.8884754393815557
04-21-2016,4.378225366759923,-3.0690449804747133,-2.690540372772571,0,-0.9030467724909397,-1.0354232583204463,1.2531661359916217,2.1585184336120267
04-22-2016,2.266036762686573,1.3757658982215355,0.0,0.0,4.603121203497472,-1.6232782463419424,0,16.33201765863237
04-25-2016,0,0.9280019003095022,0,1.5689825183735508,0,0,-1.1237995238418392,29.05023461507452
04-26-2016,0,0.43309974223601644,0,0.3461355245403591,0,-0.20598980412527068,2.158553424775102,47.434543901086755
04-27-2016,0,0,0,7.045343713400376,6.1717968444672495,0.0,0.0,15.082933685297968
04-28-2016,0,-1.0067269650452644,0,-1.9931258155170961,0.5802335048467302,0,1.6896870182028747,9.085858669804058
04-29-2016,0,0,0,-2.998868147188201,0.7936375173338426,0.6616094506788065,1.8221134125686103,12.851483811966377
05-02-2016,0,4.866155739461256,0.0,1.162943138146405,-3.250246495538716,0,0,26.076998895822097
05-03-2016,0.8829308785972584,-0.354198209266132,0.5460613488451248,1.9848269515334032,0,0,0,1.8517752220608457
05-04-2016,0,0,0,0.5701055538069076,0.45726919501539587,0,5.8008865427870315,10.200338627192734
05-05-2016,0,0,1.700427752065261,-1.2486918959306712,-0.9761170184816155,0,0,7.8948293244614
05-06-2016,0,0,-1.740986120347186,2.36488565860324,5.808276298471099,0,0,11.17896112169873
05-09-2016,0,0,0,-1.9608814651937296,0.0,0,0,12.243444502847668
05-10-2016,0,1.9524537594209646,0,1.8865370221008781,-0.6694013377036013,0,0,19.605715852143003
05-11-2016,0,2.4714881538791453,0,-1.371356306513388,0.0,0,0,11.486458874143585
05-12-2016,0,0.0,0,0.0,2.531441322347049,0.0,1.5703285711619517,12.485967866058202
05-13-2016,0,5.802865369692167,0,-0.6623819303100651,2.6745636147927145,0,4.946439419629531,10.331233852018226
05-16-2016,0,2.947771029299984,0,-3.1711103736005857,5.432889919475347,0,0,8.585730001310262
05-17-2016,0,0.0,0,0.0,0.7470997844250011,0.7160907492366513,-0.5543597608619283,23.019663549694027
05-18-2016,0,3.413344439659179,0,2.8693300807113626,5.3281194475995735,0.0,0,29.54194266692956
05-19-2016,0,0.0,0.9755677123372813,0,-1.017088032398375,2.2761360598113676,0,11.999741273786821
05-20-2016,0,0.0,0.0,0,0.0,0,0,-6.9158285862148725
05-23-2016,0,7.1603030417072855,0,-1.974677253107412,2.4312232650977297,0,0,23.006541904215123
05-24-2016,0,5.347290897005884,0,5.532528182197897,0,2.4261860118048992,0,46.988702037347785
05-25-2016,0,0.6177576228859842,0,1.9858833291091695,6.385603120908358,1.3168484146832948,0,27.614973067600523
05-26-2016,0,0.0,0,3.3340581768346285,0.8326382535815604,-1.1334342696516224,0,13.745736505144432
05-27-2016,0,0.5676487517155072,0,-1.0540086297481845,0.0,0.0,0,9.78777670195449
05-30-2016,0,-2.696515214110184,1.4175929132719556,0.0,-0.0890694127019529,0.0,3.5143708988324667,13.093978772745487
05-31-2016,0,0.0,0.0,1.6419859266433567,-5.576091315344629,0.0,0,33.57562300494976
06-01-2016,0,1.0629386725295147,1.5287766482813603,0.3255892896854185,0,0,0,0.008360551260144122
06-02-2016,-0.3198500008774263,-1.0709395352995736,0,-0.7357486273578139,2.6406436380139358,0,0,38.73724965063399
06-03-2016,0,2.1880629038775923,0,-1.1372467774297592,1.7549232699184385,0,0,-6.870586600876168
06-06-2016,0,0,0,0,0.0,0,1.3881401994744116,15.338904408807549
06-07-2016,0.0,0,0.0,0.4760534836085704,-1.234740578717312,1.644297664910586,0,13.841215691226935
06-08-2016,0,-2.640890556114875,-0.3863602384441135,0,-0.8270353309093531,0,0,3.834892112164232
06-09-2016,0,0,0,0.0,1.8405491282137885,0,0,10.72405855960692
06-10-2016,0,0.0,0.0,0.0,-1.7936256640531814,0,1.7987993417867316,15.31183377798212
06-13-2016,0,0,0.08481286868517808,0.0,0,0,0,13.452516898448046
06-14-2016,0,-0.05817073884937751,0.0,-0.3180159264409029,0.0,0.6987174155929178,0.0,24.496534533859826
06-15-2016,0,0.0,0,0.0,-0.47237980355160264,0,0,2.913623381050394
06-16-2016,0,0,0.0,0.0,0.545131417637116,0,0,3.372252205011031
06-17-2016,0,0,0,0.3481678287952605,0.7964261104633771,0,0,18.91512916982839
06-20-2016,0,0.0,0.9676577038588712,-0.8715539378332663,-1.351857399008861,0.22224926599755862,-1.0757397605193686,11.535357997964857
06-21-2016,0,-1.0987888652039894,0.0,0.0,-0.8720827815369225,0.8849500018517363,0.0,17.090622820686328
06-22-2016,0,0.0,-1.60595964601535,0,-2.0505739400601293,0,0.0,20.25249491224656
06-23-2016,0,1.1337678819054893,2.0006159993764108,0,-0.9089051717962808,2.1138155356945405,0,-0.31870604201445607
06-24-2016,0,0.0,-0.7279405024714896,-1.0846503170834316,1.152656194922088,0,1.9222357611288405,-9.857082870134857
06-27-2016,0,0.4771625190974662,0.0,0,5.538174371084597,0,1.3126575613812521,6.829695828648341
06-28-2016,-1.2464172600828936,1.518665614172817,-0.5410446824062501,-1.9796283476792036,-1.4849351836657003,0.0,0,26.83827378323266
06-29-2016,0,0,0.405421785909512,0.2294317167653419,0.6820456459170305,0,7.569308892456398,23.295607728784816
06-30-2016,0,-2.029770754487359,0,0.0,-1.5447988103201826,0,0.0,9.131538068489334
07-01-2016,0,0.0,-5.154297363419118,0.8890085929486942,8.047082468457136,0.7384101142247652,0.0,2.918899085260576
07-04-2016,0,0,-2.397388153402683,0,0.5756564703529422,0.0,0.0,7.600917145167148
07-05-2016,0,0.0,1.4590121761272954,0,-0.7621050454107766,0,2.373097983570819,39.20483490063833
07-06-2016,0,0.0,-0.7939307806133612,0,0.570113556010555,-0.7986046834543737,0.0,9.431743620548174
07-07-2016,0,0.0,0,1.060160858564726,0.0,0,0.0,4.153825957521494
07-08-2016,0,7.622716624811331,0.0,-0.23650181800705333,3.0443454908786136,0.0,0,23.596327868058243
07-11-2016,0,0,1.3368317399910519,0.0,-9.706855950274896,0,0,2.519278383554176
07-12-2016,0,4.925821195245627,-1.9678401059953035,-6.4517477905771194,-2.961628878455975,0,-0.8009315671370167,25.19454977730157
07-13-2016,0,0,-0.7201081306827553,-1.230729221096464,1.5748349973167672,0.0,0,8.249659885437172
07-14-2016,0,0,0.0,0.0,-1.2669200129199594,0,0,18.484655726138975
07-15-2016,0,2.9421086658573743,-1.9434460648539744,4.941902213975928,-0.46164000427818264,0,0,34.87831099762533
07-18-2016,0,-1.3787589115709882,0.0,0,-4.055132615319928,5.751361492726498,0,-8.65037161164565
07-19-2016,0,0.0,-1.2013747241174109,0.0,0.0,-5.381497134387685,1.5878714444074833,1.416291693218271
07-20-2016,0,0.6153589002316084,2.1244653827646838,2.5506355805088994,0.5411764133979109,-2.678192473305357,0.9475530989762447,37.7826602906573
07-21-2016,0,2.101238302717463,0.5121231437365307,0.0,-0.17328679513998632,1.0551072420368526,0.0,27.168703450474982
07-22-2016,-2.1829482218856713,0.6055333769371682,0.0,0,-4.539279182286439,-0.6056026916552242,0.8347934204659838,23.64127683459763
07-25-2016,0,0.8434046540105079,0.0,2.1900717472416087,0.0,0,0.0,7.892872014848028
07-26-2016,0,5.572672683839391,2.0945258848799133,7.096878303304837,6.7272596183434805,0,4.687661298349568,56.773358416501296
07-27-2016,0,1.8935098232853054,0.3528761641000229,1.0917705948402048,0.0,2.698254885183683,1.0552670738326964,26.337370010664195
07-28-2016,0,-0.23215012009512037,0.0,9.612188734882496,-0.5596470335840998,0,3.223430162838378,34.86231827528554
07-29-2016,0,5.556001303188588,0.0,0.0,0,0.6606116631799918,5.346044346000274,22.804653483029988
08-01-2016,0,1.033861028948634,2.1833111851769544,1.3088003324433397,0,0,1.6028368534777144,30.180853487526196
08-02-2016,0,-0.6748714185541906,2.705793060515685,-3.9415589278937264,-2.5306591627917694,-0.5009374673906725,0,21.363702896749917
08-03-2016,0,0.04463867842806048,1.847583809782534,0,4.107195973521043,0.0,1.4110687317750628,4.297119105663745
08-04-2016,0,2.183593615517811,2.207207839246789,5.688142731193704,-4.839029013814198,0,0,24.65255225209347
08-05-2016,0,0.0,0.0,0,2.8071364422422693,0,0.0,12.56816217704543
08-08-2016,0,0,1.0050105216735867,0.0,0.9043830215216508,0.6885175389393081,0.0,24.88860625037938
08-09-2016,0,2.124423242053681,0,0.0,0.0,-0.17169255662469846,0,22.74663711194248
08-10-2016,1.4476093761883764,-1.2274255640040568,0,0.0,0.33125503758959784,0.0,0.0,0.7701624721231366
08-11-2016,0,1.5403930259906773,0.0,-5.275630292009372,0,0,0,2.870897118745824
08-12-2016,0,0,0,-2.343005033993632,0.0,0.4542193474209321,0,8.195091710999233
08-15-2016,0,4.298314559126596,0,0,0.0,0,0.0,28.649296440782464
08-16-2016,0,0,1.5752609454387128,0.0,0.0,0,-0.7592250098086148,10.480819996615049
08-17-2016,0,0.0,0,-0.4807391044440658,-0.6091982195375387,0,0,13.113152262371907
08-18-2016,3.526486319848427,0,0,0.0,2.6832773974223096,0.0,0.6338137819040139,1.4718434863908256
08-19-2016,0,0.0,0,0.0,0.43252384066940586,0,0.0,1.3914989186925486
08-22-2016,0.0,0,0,0.0,0,0,0,38.34694483603035
08-23-2016,-1.4611403046229838,1.1967999359411836,0,3.6734735943444123,0.41036928376068593,0.0,-0.09872594675446583,44.37454179391694
08-24-2016,0,0,-2.1346715309645807,0,0.50786641636517,0,0,22.09982206799593
08-25-2016,0,0.0,0.4103431308914876,0.0,5.523608872529886,0,0,5.465478194043846
08-26-2016,0,0.899150522622361,0,1.2185756150220002,1.190105112781899,0.3052620183185999,0,14.174712395219775
